epoch,steps,dot-Accuracy@1,dot-Accuracy@3,dot-Accuracy@5,dot-Accuracy@10,dot-Precision@1,dot-Recall@1,dot-Precision@3,dot-Recall@3,dot-Precision@5,dot-Recall@5,dot-Precision@10,dot-Recall@10,dot-MRR@10,dot-NDCG@10,dot-MAP@100
1.0,73,0.8333333333333334,0.9506172839506173,0.9814814814814815,0.9938271604938271,0.8333333333333334,0.5061728395061729,0.5,0.868312757201646,0.3271604938271605,0.933127572016461,0.17345679012345677,0.977366255144033,0.8989271017048793,0.8920790605595111,0.8444494120420045
