metric,value
top1_accuracy,0.875
precision@3,0.38055555555555554
recall@3,0.6208333333333333
jaccard@3,0.32916666666666666
