top1_accuracy,precision@1,recall@1,jaccard@1,precision@3,recall@3,jaccard@3,precision@5,recall@5,jaccard@5,set_precision,set_recall,set_f1,mrr,map
0.8418079096045198,0.8418079096045198,0.5856873822975517,0.5856873822975517,0.8314500941619585,0.8046139359698681,0.753954802259887,0.8314500941619585,0.8046139359698681,0.753954802259887,0.8314500941619585,0.8046139359698681,0.7979284369114878,0.8681732580037665,0.865819209039548
