metric,value
top1_accuracy,0.9041666666666667
avg_pred_length,1.5791666666666666
set_precision,0.861111111111111
set_recall,0.6548611111111111
set_f1,0.7439558202270068
