metric,value
top1_accuracy,0.8916666666666667
precision@3,0.5166666666666667
recall@3,0.8131944444444444
jaccard@3,0.4839583333333333
