metric,value
precision@1,0.8625
recall@1,0.4930555555555555
jaccard@1,0.4930555555555555
precision@3,0.44861111111111107
recall@3,0.732638888888889
jaccard@3,0.5829861111111111
top1_accuracy,0.8625
