metric,value
top1_accuracy,0.8416666666666667
precision@3,0.44861111111111107
recall@3,0.732638888888889
jaccard@3,0.5829861111111111
