metric,value
top1_accuracy,0.8625
precision@3,0.5319444444444444
recall@3,0.857638888888889
jaccard@3,0.5075694444444444
