metric,value
top1_accuracy,0.9291666666666667
avg_pred_length,1.4041666666666666
set_precision,0.9055555555555556
set_recall,0.6298611111111111
set_f1,0.7429569325091713
