metric,value
top1_accuracy,0.9291666666666667
precision@3,0.425
recall@3,0.7020833333333333
jaccard@3,0.3802083333333333
