Model,Post-Rules,Top-1 Acc,P@3,R@3,Jaccard@3
TF-IDF,No,0.8875,0.425,0.7020833333333333,0.3802083333333333
TF-IDF,Yes,0.9291666666666667,0.425,0.7020833333333333,0.3802083333333333
Embeddings,No,0.8416666666666667,0.5319444444444444,0.857638888888889,0.5075694444444444
Embeddings,Yes,0.8625,0.5319444444444444,0.857638888888889,0.5075694444444444
